year,settle
2021,0.8143833333333333
2022,0.813825
2023,0.8111375
2024,0.8078125
2025,0.8045
2026,0.80245
